{"metadata":{"asset_id":"7d34956d-90df-4b2e-8636-05070937eeca","asset_attributes":["dashboard"],"name":"CallForCodeDashboard","asset_type":"dashboard","created_at":"2022-10-30T15:00:06Z","description":"","origin_country":"us","owner_id":"IBMid-668000D25G","project_id":"3f3306e3-c603-4554-ae1f-76e90eb4d0b0","size":3801,"usage":{"last_update_time":1667152947738,"last_updated_at":"2022-10-30T18:02:27Z"}},"entity":{"dashboard":{"share":{"shared":false,"token":"5507c11921832af567f3d0e4079a7a057e372308b1bbd00580867b490a657597f03c12c7c8284d0fd3115031f7b8120bc9"},"associated_service":{"guid":"c23410e4-0890-4e0f-8703-b612a3f56151","name":"IBM Cognos Dashboard Embedded-hc","type":"dde","credentials":{"client_id":"a26ef7f6-80c3-4590-94c6-1fb7954cd5d6","client_secret":"cd86c8554bfa4777d9f5316bdf69758fe9c52944","api_endpoint_url":"https://us-south.dynamic-dashboard-embedded.cloud.ibm.com/daas/","api_file_endpoint_url":"https://us-south.dynamic-dashboard-embedded.cloud.ibm.com/daas/"}}},"location_definition":{"physical_location_code":"DAL","physical_location_code_assigned_by":"IBMid-668000D25G","physical_location_code_rds_id":"c57cb90f-2126-3800-9c9f-9eab82021cdf","physical_location_code_rds_version":"00002022-1027-4094-8028-628570000000_2","physical_location_code_assignment_method":"INFERRED","physical_location_code_added_on":"1667118339677"}},"attachments":[{"id":"7572ee09-4dd1-4375-a5f7-85783bbcce49","version":2,"asset_type":"dashboard","name":"referenced","description":"referenced","datasource_type":"193a97c1-4475-4a19-b90c-295c4fdc6517","object_key":"dashboard/referenced_7d34956d-90df-4b2e-8636-05070937eeca","creator_id":"IBMid-668000D25G","create_time":1667151280981,"size":3801,"is_remote":false,"is_managed":false,"is_referenced":true,"is_object_key_read_only":true,"is_user_provided_path_key":true,"transfer_complete":true,"is_partitioned":false,"complete_time_ticks":1667151280981,"user_data":{},"test_doc":0,"handle":{"bucket":"ibmcallforcodechallenge-donotdelete-pr-hfq8gdoqolonta","location":"us-geo","type":"bluemix_cos","key":"dashboard/referenced_7d34956d-90df-4b2e-8636-05070937eeca","upload_id":"done","max_part_num":1},"usage":{"access_count":0,"last_accessor_id":"IBMid-668000D25G","last_access_time":1667151280981}}]}
