{"metadata":{"asset_id":"7d01ab77-7508-4ca7-89c1-e832e8f45815","asset_attributes":["data_asset"],"name":"Region_Wise_Predictions.csv","asset_type":"data_asset","created_at":"2022-10-30T16:47:27Z","origin_country":"us","owner_id":"IBMid-668000D25G","project_id":"3f3306e3-c603-4554-ae1f-76e90eb4d0b0","size":632,"usage":{"last_update_time":1667151272969,"last_updated_at":"2022-10-30T17:34:32Z"}},"entity":{"data_asset":{"mime_type":"text/csv","dataset":false,"schema":{"etag":"\"996f8fd07d1a93bfd343eafacb27dd09\"","valid_since":"Sun, 30 Oct 2022 16:47:26 GMT","fields":[{"name":"Image_Name","type":"string","format":"default"},{"name":"Region_Name","type":"string","format":"default"},{"name":"Species","type":"string","format":"default"}]}},"location_definition":{"physical_location_code_assignment_method":"INFERRED","physical_location_code":"DAL","physical_location_code_assigned_by":"IBMid-668000D25G","physical_location_code_added_on":"1667118339677","physical_location_code_rds_version":"00002022-1027-4094-8028-628570000000_2","physical_location_code_rds_id":"c57cb90f-2126-3800-9c9f-9eab82021cdf"}},"attachments":[{"id":"5667183f-4ad1-47cf-a503-5d1286a19812","version":2,"asset_type":"data_asset","name":"Region_Wise_Predictions.csv","mime":"text/csv","datasource_type":"193a97c1-4475-4a19-b90c-295c4fdc6517","object_key":"Region_Wise_Predictions.csv","creator_id":"IBMid-668000D25G","create_time":1667148450917,"size":632,"is_remote":false,"is_managed":false,"is_referenced":true,"is_object_key_read_only":true,"is_user_provided_path_key":true,"transfer_complete":true,"is_partitioned":false,"complete_time_ticks":1667148450917,"user_data":{},"test_doc":0,"handle":{"bucket":"ibmcallforcodechallenge-donotdelete-pr-hfq8gdoqolonta","location":"us-geo","type":"bluemix_cos","key":"Region_Wise_Predictions.csv","upload_id":"done","max_part_num":1},"usage":{"access_count":0,"last_accessor_id":"IBMid-668000D25G","last_access_time":1667148450917}}]}
